vin,make,model,year,mileage,sold_price,make_model_year_price_median,primary_damage,primary_damage_severity,secondary_damage_severity,engine_volume,cylinders,fuel_type,transmission,drive_type,seller_type,secondary_damage
1HGCM82633A123456,HONDA,CIVIC,2021,28000,8500,19000,MINOR DENT/SCRATCHES,1.0,0.0,1.5,4,GAS,AUTOMATIC,FWD,Insurance,NONE
4T1BF1FK5CU123456,TOYOTA,CAMRY,2020,35000,9200,20000,REAR END,2.0,0.5,2.5,4,GAS,AUTOMATIC,FWD,Insurance,NONE
5YFBURHE8LP123456,TOYOTA,COROLLA,2022,22000,10500,22500,MINOR DENT/SCRATCHES,1.0,0.0,1.8,4,GAS,AUTOMATIC,FWD,Insurance,NONE
2HGFC2F59MH123456,HONDA,ACCORD,2019,48000,11000,23000,SIDE,2.0,0.5,2.0,4,GAS,AUTOMATIC,FWD,Insurance,NONE
WBAPL5C51BA123456,BMW,3 SERIES,2018,68000,18500,26000,FRONT END,2.5,1.0,3.0,6,GAS,AUTOMATIC,RWD,Dealer,UNDERCARRIAGE
WDDGF4HB9CR123456,MERCEDES,C CLASS,2017,75000,21000,28000,SIDE,2.5,1.0,2.0,4,GAS,AUTOMATIC,RWD,Dealer,NONE
JTMRFREV9KD123456,TOYOTA,RAV4,2021,42000,19000,28000,FRONT END,2.5,1.0,2.5,4,GAS,AUTOMATIC,AWD,Insurance,UNDERCARRIAGE
3VWCX7AJ8EM123456,VOLKSWAGEN,JETTA,2019,52000,12500,17500,REAR END,2.0,0.5,1.4,4,GAS,AUTOMATIC,FWD,Insurance,NONE
1C4RJFBG5KC123456,JEEP,GRAND CHEROKEE,2019,65000,22000,31000,SIDE,2.5,1.5,3.6,6,GAS,AUTOMATIC,4WD,Dealer,UNDERCARRIAGE
WVWZN7AJ1FW123456,VOLKSWAGEN,TIGUAN,2018,68000,15000,19500,MINOR DENT/SCRATCHES,1.5,0.0,2.0,4,GAS,AUTOMATIC,AWD,Insurance,NONE
WBA3C3G56FK123456,BMW,X3,2017,82000,24000,25500,ALL OVER,3.5,2.0,3.0,6,GAS,AUTOMATIC,AWD,Dealer,FRAME
55SWF4KB5MU123456,MERCEDES,GLC,2018,78000,26000,27500,FRONT END,3.0,1.5,2.0,4,GAS,AUTOMATIC,AWD,Dealer,UNDERCARRIAGE
2C4RDGCG3LR123456,DODGE,DURANGO,2016,95000,16000,16800,ALL OVER,4.0,2.5,3.6,6,GAS,AUTOMATIC,4WD,Dealer,FRAME
1FMCU9GD8KUA12345,FORD,ESCAPE,2020,72000,18000,18900,FRONT END,3.0,2.0,2.0,4,GAS,AUTOMATIC,AWD,Dealer,UNDERCARRIAGE
5TDYZRFH8LS123456,TOYOTA,HIGHLANDER,2019,58000,23000,24500,SIDE,2.5,1.5,3.5,6,GAS,AUTOMATIC,AWD,Dealer,UNDERCARRIAGE